Source_id,Sentence_en
1,Eclipse also helps the programmer with bug detection.
2,"As it is written in the Scriptures, ""I have spoken with one accord for the sake of faith."" As the scriptures say, ""Faith is given by receiving the Spirit, who is faithful in the Spirit."""
3,"Then, it will search for its own driver. I will click on Cancel."
4,"For all iterations, the iterator is set to each index value. 1, 1 then 1, 2, and so on."
5,"And I heard the voice of the second beast, which he had released into the second sea, coming and fleeing."
6,We know that objects store their positions in fields.
7,The child believes in you.
8,You may be surprised by the sight of nature.
9,His love for you abounds in remembrance of how you rejected his command and were seized by the terrors.
10,"""Rainwater consists of a portion of water drying up in the ground, which comes together to form ground water."""
11,The two books are visible.
12,The father came from the library.
13,"Go back to the upper limit. Also, click 7 in the 0 to 9 tab."
14,The Align and Distribute dialog box appears on the right side of the interface.
15,Click on the line number to set the breakpoint.
16,Here's what we did for Borrowed Books.
17,"The classical period is defined by Patanjali's Yoga Sutras, the first systematic presentation of yoga."
18,They are:
19,"Apache, MySQL, and PHP obtained through XAMPP 5.5.19,"
20,"Here, we can enter the appropriate title for our document."
21,The army follows suit.
22,1. Cells: Some are available
23,"In the launcher, we can add a shortcut."
24,The height of the canopy should be such that it has a vegetative cover and cannot be eaten by cows.
25,"A variety of modern materials are also used to make utensils, such as small appliances, cell phones, refrigerators, televisions, and automobiles."
26,You may be able to block some insects and other pests.
27,Be prepared for all eventualities.
28,Child: You show love.
29,"All the Asians, you know, have abandoned me, and there is a furore among them."
30,"In this article, I have titled - Indian Journal of Microbiology:"
31,"Publisher, Collection title,"
32,The second step can be done by placing the soles of the feet together.
33,I'll de-select the Gradient by selecting the Brush as the small chair. I will also choose my best colors.
34,We will then forward to the SuccessUser page.
35,"Trees and plants grow regularly, among other things."
36,"So now you are no longer strangers and aliens, but vassals of God with the holy ones."
37,Tribal dances are usually performed in groups and have special limits on their performance.
38,"There is no one special in this, neither in the Jews nor in the Gentiles, for the one and only Lord of all is giving thanks to all at his own will."
39,"Therefore, you can eliminate harmful pesticides in your garden to prevent these problems."
40,"Putting the basket (order),"
41,Moisturized digestion - Idli.
42,"Subsequently, Surpanakha, provoked by the news, came to the battle and killed three of their companions, the Ramas, in a battle with Kharaposhad."
43,This brings us to the end of the lesson.
44,These methods and constructors differ from each other.
45,The Pandavas also performed conch shells.
46,"the reading of data from the file, such that fp = fopen (""Sample.txt,"" ""r"");"
47,"For details, write to contact @ spoken-tutorial.org."
48,"Now, enter the password for the Moodle Administrator. You must follow the password rules shown here."
49,"When extracted, I rename the FrontAccounting savings account."
50,All the people of the Gentiles and the Israelites were present at this meeting.
51,Welcome to the Meet the GIMP tutorial.
52,The variable must be declared before it can be used.
53,We see the frequency number of the jdk.
54,"As we see, the course category is Mathematics."
55,Now let's see how to create a simple Java web project using the NetBeans IDE.
56,Today is the death anniversary of Acharya Drona.
57,We are sitting down.
58,"From time to time, however, I'll just fill in'duck'for'Full Name'and leave it blank by entering other details."
59,Stand or sit in a comfortable position.
60,"During this journey, people set out to wash their clothes on the road."
61,"In Perspective, type ""INKSCAPE."""
62,"Type ""u"" and press Enter."
63,"Next, work through the ""for"" loop."
64,We'll see you next week. See you again.
65,The area where the crops and other food items are kept should also be cleaned.
66,Closed: Covered: Uncovered:
67,Be sure to check this out if you don't have good bandwidth.
68,Double sutras may be used and one sieve may be combined with a second sieve for a sturdy sowing scheme.
69,The back of the left hand should be in contact with the spine and the right forearm should be opposite to the spine.
70,Change the name of the layer to CD template.
71,Treats a variety of water-borne diseases.
72,The enemy is covering.
73,Right-click the Databases node in the Services window.
74,Here the error is reversed.
75,We are staying here.
76,"On the fifth day, they shall cut off the skin of the child and put it on him as his father's name."
77,So the controller goes to displayMessage (Display Message).
78,We can now add this to the document.
79,The woman makes the decoration.
80,do i need to read a song today
81,"Although all three were not successful, it was possible to build any gold-plated dhoti."
82,"""Bring your knees to the ground, pull your abdomen in, and sit back with your hips resting on your heels."""
83,We will then call the RemoveFromCheckout method.
84,The child will take the swab.
85,"However, by the grace of the Lord, there is neither a woman without flesh, nor a man without a woman."
86,Learn about hand-stitching tools and the specifics of sewing and make a list.
87,4. Leaves: The leaves are usually green in colour with which the plant makes its food.
88,"To get out of her box, I just tap."
89,We used to compose a verse.
90,Sita's knowledge in Hanumata Lanka.
91,"In a brief lesson, we learnt about subclassing and method overriding."
92,"""For this reason, the construction of the Rupiah temple by Artemis Devi brought great benefits to the craftsmen of all walks of life, including Dimitriyanama Nadindham."""
93,This lesson is designed to teach you the nutrients and health benefits of a variety of culinary and social foods.
94,Now we know how to do software installation using'Synaptic Package Manager '.
95,They can be single-celled or multicellular.
96,Click the View this Journal entry link.
97,Q: Capricorn?
98,She's the queen.
99,"Thus, [abc] is a ""regular expression, corresponding to a or b or c."""
100,"They have access to water for drinking, digesting food, washing clothes, and other activities."
101,"""None of the rulers of this world has this knowledge; when they have found it, they will not crucify the Lord of hosts."""
102,"Behold, we are strong in the use of food, and in the manifestation of our nature."
103,He then removed them from the synagogue.
104,"Then he replied, ""The one who made me well told me to pick up my mat and walk."""
105,Go to the location where the logo is saved.
106,"Asanas to be done while sitting such as Siddhasana, Gomukhasana, Ardhamatya, Andrasana, Mayurasana."
107,These are the asanas.
108,Krishna is omniscient.
109,Monkey: Fruit is a treasure.
110,Who's the warrior?
111,Tap the existing arrangement at the bottom of the right.
112,They stimulate the senses.
113,"Thus, after he had risen from the dead, Jesus appeared to the disciples a third time."
114,The house has a number of rooms.
115,"Let's now add the service tax. First, we need to create a GL account for Service Tax."
116,"In the olden days, we read a bit about bookmarks."
117,"Now click Enter. To execute, type dot slash if1 and press Enter."
118,Learn about input / output functions and timestamp functions.
119,"Next, parse book _ id as an integer from id."
120,But the secret counsel of God during the trumpeting of the seven angels who blow the trumpets will be revealed to His servants the prophets in the same way as it was revealed in His Gospel.
121,"However, to redirect the error stream, you may need to use 2 right angle brackets, or 2 double right angle Brackets."
122,Now we can see their names in the user's id space.
123,The Holy Spirit is a threefold spirit.
124,We can then send the maximum number of names to 500 people per day.
125,"This class may have received variables to represent the following details: Name of the service,"
126,You are a coward.
127,Marich: What was it?
128,Save the system and run it. We'll see if the price drops to zero.
129,"In the sub-field'a'and'classification number ', type 660.62."
130,Now we see the common mistakes that are being made.
131,It improves blood circulation throughout the body.
132,"In any of these'multi-dimensional arrays ', how to test an'index sequence '?"
133,Draw an odd circle of pink color and a circle of black color.
134,Error dialog box and shortcut keys.
135,Let's go ahead. I'll remove this. Now let's add the figure.
136,You must have heard the name of the डी.डी.टी (kz):
137,Here we see that the write permissions have all been removed.
138,Read the license agreement carefully.
139,It contains the files needed to set up LaTeX's primary accounts in Windows. TeXworks is the previous version of MikTeX that was available.
140,We can see black diagrams without mathematical expressions.
141,Let's have a party.
142,An Internet connection should be appropriate.
143,"Also, the program may be terminated."
144,"To lower your feet, use the hips to lift your legs up and down the floor."
145,These simple lines are the cornerstone of your painting.
146,Krishna establishes the chariot.
147,There is a description in the spoken tutorial I created about creating equations right now.
148,The Spoken Tutorial project is part of the Talk to a Teacher project.
149,Koha automatically selects the Spoken Tutorial Library.
150,Then all who were in the Sanhedrin looked at him steadfastly and saw his face like the face of an angel.
151,Go to the browser and open your Moodle site.
152,You can also edit your journal titles.
153,"Also, these keys are used by other devices of choice."
154,More details about this mission can be found on this page.
155,"However, do not use Internet Explorer. This is because it does not display properly."
156,"At the prompt, type the date space plus percentage symbol, a small h, and press Enter."
157,We know what the name of the interface is.
158,Let us name the simplest and the most subtle living being on earth.
159,Bend your fingers backwards.
160,"""Father, glorify your name, and I will raise up the glory of your name in the heavens;"" was the voice of the winds at that time."
161,"""Some common leaflets used in food processing are the following: platen leaf, bustard leaf, rinicum cumin leaf, caltropis leaf, castor leaf, seahitmilk, lotus leaf, dahyanskryupine leaf, stereo, and swarpasavoling leaf."""
162,"""At that time men will seek death but will not be able to obtain it; they will desire to give up life but will be driven away from the point of death."""
163,I'm worried about.
164,ENVIRON (Environ) - denotes the'shell environment variables'and the'array'of their values.
165,We put the bag outside. There's someone sitting there.
166,This is a GUI for using the apt-get command line.
167,The jeep should be placed at a distance of 10 inches. Hands can be placed between the jeeps.
168,Let's see what we can do with the Awkdemo.txt file.
169,"""Then he was the first to confirm the second, as he said,"" ""Behold, we are coming together to do what we desire."" """""
170,Learn to interpret the meaning of a folk dance.
171,So I can pull the black point up to this point.
172,"Extract the gene ""HIV1gp3"" (HIV1Gp3) from the HIV'genomic'sequence, at 4587 to 5165 locations."
173,"Then Jesus told them plainly, ""Lazarus has died."""
174,"The one who commits an evil deed sees the teacher, so he turns to the light and does not act harshly."
175,Now let us look at how the system works.
176,Now click OK and tap the dialog box.
177,It instructs the Spoken Tutorial project.
178,"So, let me choose Step Over. If the import value in the constructor is set to 10."
179,Read the meditations.
180,What's cooking in the house today?
181,Welcome to the Spoken Tutorial on grep command.
182,"Next, for the Description, we'll look at 2 fields: Course Summary and Course summary files."
183,It's the people.
184,Included graphics and color packages use this. We'll tell LaTeX if we need it in mind.
185,"Now instead of the printf statement, we can use the cout statement, because we are using the function cout < < to print a line in C + +."
186,"When I go down to Galilee to eat, I have a body like the flesh of a man named Amasya."
187,Write down the traditional methods used in water purification.
188,"So, I choose the interpreter and sum up the errors."
189,"""Space studies, planetary movements, computation of eclipses, and calculating stars appear to be elaborated upon there as well."""
190,"So while doing this exercise, your breathing rate should also be 30 to 35 breaths per minute."
191,"The Spoken Tutorial Project is part of the Talk to a Teacher project. The project is supported by the National Mission on Literacy through ICT, MHRD, Government of India."
192,"The spoken tutorial ""Project Group"" runs the workshop using these lessons."
193,"""But if he distributes a gift to the poor, it is as if God were against those who are proud of themselves; but he gives it to the humble with offerings."""
194,"The righteous one, because the valiant one is the right one."
195,Slowly bend to the right until the right hand reaches the right foot.
196,The teacher calls the children.
197,Write down two types of external body hygiene.
198,The angered saints caught hold of the apostles and put them in a lowly prison.
199,"So, I'll create a new layer and name it white. Also, by selecting White in Layer Fill Type, I will reduce the value of opacity so that we can see through the image."
200,Self: Situated in one's own glory:
201,Some of the tribal dances of India can be described with examples.
202,"Now, add the statement using."
203,Enough is enough.
204,There should be enough space to play this game.
205,"""So be careful where you go, for whoever grows near will be returned to him, but whoever does not grow near will have his share taken away from him."""
206,What is meant by. We did not initialize the value of the variables.
207,Now skip this task by double-clicking the ctrl and z keys.
208,Click on the Selector tool.
209,I will give you these things.
210,"""As you inhale, your stomach goes out and as you exhale, the stomach sinks."""
211,We can invoke the Show Data method to print out the details of our current enrollment.
212,Click the View menu and select the Properties option.
213,"For proper use of the tools, the text is recorded using the maximum resolution."
214,The total is 4000 and the actual cost is 0.00.
215,"The use of guidelines and their setting,"
216,The provision field is used by a Salesperson.
217,"The disciples said to him, ""Where can we find flowers to kill so many people in this province?"""
218,The child makes friends with him.
219,"In the list shown, there is an app called Videos."
220,"""As it is written in the book of Hosea,'To the one who is not mine, I will say,'My people.'I will tell the nation what I love."""
221,You can install KTouch from the Ubuntu Software Center.
222,The child believes in them.
223,"For the grace period, I choose 15 days (s)."
224,"Your actions, your sufferings, and your afflictions are my cases, but I know how to reproach those who say they are Jews, even though you are rich and belong to Satan's synagogue, which is not Jewish."
225,Lord Krishna says in the Gita:
226,It is a physical exercise that allows a person to run at a pace.
227,Signify what is pure and what is chaste in the following sentences.
228,"""But whatever you do, it is from the heart that you receive it, and what you receive from the human spirit you receive."""
229,"At the prompt, type the date space plus percentage symbol, a large T, and press Enter."
230,"""The king called some Brahmins and said,"" My mother's last wish was to offer mangoes to the Brahmins, """
231,Then the whole mountain was turned into a forest.
232,Do you know the songs?
233,The next setting is Hidden sections. These courses contain topics that are confidential to students.
234,They're woven.
235,The first step here is the General Ledger Account classes.
236,"He is now joined to you by death in his flesh, even though he was once far away from evil-doing, and you were his slaves."
237,"However, this is not the case with a defaulter."
238,"""And say hello to Trophenath-phoshe, who laboreth in the service of the Lord, and to Perizz the beloved, who laboureth exceedingly in the ministry of the lord."""
239,"""It is a relaxing, continuous, and peaceful exercise."""
240,"Most human actions are harmonious with nature, and the effects of nature are not negative."
241,It should not cause any heaviness or tingling. It can irritate the body and spine.
242,Product of fi and to is ten point zero (product of 5 and 2 is 10.00)
243,Son: What happened between them?
244,"In the emacs editor we just opened, we see maths.pdf_t."
245,All parts of the body may experience gradual dilation.
246,"""O Israel, the Lord our God is one."""
247,"""Even in Vedic texts such as the Rigveda, Yajurveda, and Maitraiyayi Samhita, there are many mantras on'Grihasuktam'Smriti and Dharma Sutras on cows."""
248,Look around to see what's in the folder.
249,Look for two square handles and two circle handles or arc handles in the figure.
250,"When food is placed on a raised platform, it is called a buffet arrangement."
251,"The letter reads, ""Greetings to the apostles, the people, the elders, and the brotherhoods of the nations of Antioch, Syria, and Cilicia."""
252,That's the army.
253,"However, for security reasons, it may not be a direct access to the web."
254,"""Then Paul called for a centurion and said to him,'If a young man near a thousand commanders has a complaint, do not do it in the same way.'"""
255,"If I always forget to write a novel, I will do so."
256,Here's the Google Calendar.
257,"At the time of your burning, the world is full of prayer."
258,Then click on Koha Administration.
259,The smell of'samsam '.
260,"I have written to you to test all that you do, so that you may not enter my country."
261,A new page will open.
262,"In addition, Linux requires the use of a terminal, a text editor, and a synaptic AKAZ manager."
263,"For example, in a two-dimensional array, the element is identified by two index sequences."
264,They are Sanskrit houses.
265,Save the image as a.cml file.
266,Type 4.
267,Some people make things at home with essential items in a small space.
268,It calms the mind by increasing your concentration.
269,"In the practice of Bhramari, use'na-kara'and not'ma-kaara '."
270,"By faith they subjugated kingdoms, performed religious rites, and reaped the fruits of the promise, and covered the faces of the lions."
271,"""Then I came to the disciples and asked them,'What parable are you telling them?'"""
272,Add the number 2 before the name.
273,We have to open the terminal.
274,"Now, let's try ""Partition,"" remove the asterisk and type the slash symbol."
275,"Food distribution India is a country of unity in diversity. India is diverse in languages, geographies, climates, religions, and cultures. Thus, food is also diverse."
276,"See, this does not allow the curve to be drawn."
277,Don't click the file you just uploaded.
278,"Some Jews from the cities of Antioch and Iconium came and led the people away, so they stoned Paul and dragged him out of the city, saying that he was dead."
279,"As a result, some of the images appear fine."
280,This lesson explains the structure of a simple web application.
281,"However, I can change it by changing the color. There's an'X'shortcut key to change it. Let me make it a little thicker."
282,"However, a non-static block cannot be parameterized."
283,It can be started with the main (main) method.
284,I use the Firefox web browser and the active Internet.
285,Let's look at the actions of the code.
286,"The seed germinates when it receives sufficient water, air (oxygen), and sufficient heat."
287,"""Then the servant of the householder came and said to him,'Ma'am, in what area did you fish the bhadra seeds?"
288,General Handicapping Skills
289,"""After John was put in prison, Jesus returned to Galilee and preached the good news of the kingdom of God."""
290,Now let's see how the code works. Save and run it.
291,"In the menu items, go to Applications, Programming, and the Netbeans IDE icon."
292,"""Then the blessing will come, and you will reap the fruits when you raise the dead bodies of those who are about to be buried."""
293,"Also, I will show you the code for this."
294,Rama arrives in Ayodhya.
295,"""There he found a man who had been lying in bed for years, paralyzed, and told him,"
296,Then we will iterate through the result set.
297,The output shows the number of alanines present in the dna2 sequence.
298,"GIMP uses a number of small windows, such as Windows and Macintosh programs."
299,The word food refers to any substance that we eat or drink. If our body provides nourishment.
300,Let's go to the location where the box should be placed.
301,"If the son asks for money, he will give him a stone or if he asks for a fish, a snake will be given to him."
302,"Simultaneously, make a tight fist in the forward direction with the palms."
303,"Now we know how to give the object a stroke or an outline. To do that, we need to use the Stroke paint tab."
304,"Bharata went to Rama, the embodiment of the Mahatma, and prayed earnestly, saying:"
305,Scroll down and click on the Save and display button.
306,"Right-click Open. From the context menu, select Events, Action, Action Performed."
307,Then Jesus went up in the evening with the twelve disciples.
308,"Even today, cows are worshipped."
309,"""The blood of the prophets who are on the earth since the creation of the world will be on these present generations; they will surely be condemned, and I tell you the truth, they will all be condemned."""
310,"Who is it that blasphemes against a slave, that he should be exalted or put under the authority of his master, so that God may exalt him?"
311,"Also, fill out the document."
312,"""The sun is a star,"" asked the king, ""so how can it not be seen at night?"""
313,"Next, call incrementAvailableCopies."
314,"Now, go to 310 Current Publication Frequency."
315,There are crops around the lake.
316,Each one had to dig up the soil and make the wind flow worthy of him.
317,Start by looking at both fingers with gaze.
318,"""On the other hand, they had a dispute as to which of them would be considered superior."""
319,"""Keep your hands a little away from your thighs, palms facing upwards."""
320,The snake lurks in the bushes.
321,It is the sacrifice of my life and the time of my departure that counts.
322,They are the eyes.
323,"""Complete compound respiration is the process of respiration of all three - the abdomen, thorax, and hips."""
324,"This way, we can see and perceive the objects on all four sides of us."
325,Now we had to say'welcome '.
326,"Tomorrow, I will go to the Sanskrit camp to study Sanskrit."
327,Right-click the Exit menu item.
328,Let a be less than b (a < b) for example.
329,Other options for the align and distribute dialog box can be found in the following pages.
330,This output came to you from a + + madrapati.
331,"As long as the condition is true, it executes the underlying statement. Then increments. This is how the loop repeats itself."
332,"Now, it is known that the two objects are chiselled."
333,"Therefore, eat foods that are high in fat."
334,Add the final keyword to the name variable. We have now changed the name to the final variable.
335,"Now I've got all the files in my database. So, I'm going to pull up the Archive Manager and put the savings here. I'll go back to GIMP."
336,"This command tells us the number of blank lines. Because every time, a blank line is seen, the x is incremented and printed."
337,He taught them all the tactics of war.
338,Let's define the ShowDetails method now. Then type: public void showDetail ().
339,Click Add stop to add another color between the two.
340,"""But when you give, don't tell the left what your right hand is doing."""
341,The head of the family of the other gods is a high priest.
342,We have found that variables and methods together constitute a member of a class.
343,Wealth should also be protected from the evil and violent side of the earth.
344,"For example, let's put it directly in the center environment."
345,The Sky (Space)
346,The children listened to the stories.
347,"He then sent Jesus to King Herod the Galilean, where he was staying."
348,"""You will heal the sick in your towns, and the kingdom of God will come to you and proclaim its promise."""
349,"I type Patel, Arvind H."
350,The dance is performed during October-November with Sohrai and Bandhan to show the richness of the animal.
351,I'll leave the shipping cost blank.
352,We had already deleted the processRequest.
353,It does the quiz for the Sukta Kaal on Dutt's day at the opening ceremony.
354,"Now, we can also add a Greater Day operator."
355,You're scared.
356,"Finally, click the ""Save changes"" button, and then the ""Done"" button."
357,Click on the Units drop-down list. Let's change it as we need to.
358,Conflicts occur in blocks that people are afraid to enter when they log in.
359,"""He was shocked to see the place where he lived, it was very dirty."""
360,Soldiers die on the battlefield.
361,It is extremely useful in improving vision.
362,There are thousands of different types of living things on Earth.
363,Click on the drop-down list of Blend mode. There are five options.
364,Don't choose any other option.
365,"And the second reason is soil, which should provide water according to the soil. If there is a rain-fed area, provide less water and if there is no rain, provide more water."
366,"If it were a body shape, where would it lie in the body?"
367,Put the curly brackets at the end of the return 0;
368,Animals are divided into the following categories:
369,Maa digests a variety of delicacies every day and on festivals. We feel happy by eating them.
370,The Spoken Tutorial project is a component of Talk to a Teacher.
371,"Now, in the terminal, type:"
372,"To optimize, select the Auto Optimization Tool in the toolbar."
373,These options are disabled for flowed texts.
374,"""Three days later Paul called the centurion to Judas and said to those who were gathered,"" Brothers, do not do anything contrary to the customs of your people or of your ancestors, but the people of Jerusalem have taken me captive and given me into the hands of the Romans. """
375,"In screen mode, the colors are first reversed, then multiplied, and then fried and mashed."
376,I will save the aspect ratio by selecting the Scale tool. I will remove Scale from the window.
377,The child shows kindness to them.
378,Kr ̣ s ̣ n ̣ a's devotees do not pray.
379,One lesson plan:
380,"The Lord said to him, ""Ram is called by a thousand names."""
381,There are two primary characteristics of humans.
382,"In Categories, select Java."
383,"""Am Guru, this is a circular picture of the earth."""
384,"""Do not distribute the holy things to anyone else, and do not throw them out in the presence of the bridegroom; for when they have thrown them out, they will tear them all to pieces, and they will also tear you to pieces."""
385,"It is this condition, as we see, that produces the illusion."
386,Let's see what happens if n is 0.
387,"For self-study,"
388,"Select the start date and end date of the exchange to view the ""Circulars."""
389,Fire is pervaded throughout the universe in the form of energy.
390,"Right now, I'm measuring the image."
391,The Create Table dialog pops up.
392,The child shows humility as it happens.
393,Who's around you?
394,"However, a static method can only access and change static variables."
395,"""In our Vedas and in our prayers, Jnanaam is also given to help you with rice and more milk."""
396,"This indicates that another ""Apache instance"" is running."
397,We were looking at a square handle and a circular handle on the image.
398,We now know the difference between the instance method and the static method.
399,"Since the mind is hardened, they do not leave it alone to perform miracles."
400,Here you can see Created with GIMP and Loop Forever.
401,It was replaced by Bhillamacharya.
402,He will only eat the fruit.
403,"From the'Folder'drop-down menu, select the'Bookmarks toolbar '."
404,This is your header file stdio.h.
405,The mixed
406,You used to say country.
407,And it is not even less than 40.
408,Halestin Friesian - This is a reddish-brown cow.
409,"However, Adam's act of committing such a sin as he did from Adam until Moses, who reigned over them until his death, is an example of what Adam himself did."
410,"However, you can control sharpening if you do it yourself using GIMP. In today's article, I'll show you how to do this."
411,"The header file ""stdio.h"" is called ""iostream."""
412,These are the chariots.
413,Young orator Astham.
414,"James and John, his brother, and Andrew, and Philip, Bartholomew,"
415,Every minute of every healthy adult tremors as often as possible at six o'clock.
416,And type the filename ST-CD-label and press Save.
417,"""We speak as though you were brave in your affliction, but I say this without hesitation, that whoever is brave will be mighty in his own eyes."""
418,Click on the Calculus course. Scroll down to see the details of the course. Click Enrolled Users.
419,"Their wives, whom God had entrusted to them in their desire, turned away from their natural conduct and went on doing the opposite;"
420,"Don't create a main class, but manage the main project."
421,Then click on the Add random question box.
422,Devotees gather around the temple.
423,"In this tutorial, we will learn to set Global System Preferences to customize Library OPAC."
424,"Next, let's see what the Status bar does."
425,"""I say unto you, that Jesus Christ was crucified, that he might glorify the mercies of God among the Gentiles according to his mercy. As it is written, I stand before strangers, and will praise you, for your name is called God."""
426,1. What is another name for nutrition?
427,The yogi looks up to God everywhere.
428,"If I go before them and deny them anything, they will not have their sin forgiven, but now there is no more forgiveness for their sin."
429,The end of the question:
430,"From the drop-down, I will select Author (A-Z)."
431,A single tenant will need a place to live.
432,"Suffer the affliction, you who are a warrior for Jesus Christ."
433,"""Then when the two of them were come together, they went to Moses, and resolved to make peace with him, and said,'Why do you, my lord, and your young brothers treat one another so unjustly?'"""
434,Your lesson plans are:
435,I'm using the command now.
436,"The ""spoken tutorial"" project group runs the workshop using these lessons. Certificates are given to the passouts."
437,"function call by value,"
438,The prone position is to lie on your stomach with your face facing down.
439,You can also open your own salon or take on assignments from the apparel industry.
440,"In other words, the script now overwrites the tables."
441,The teacher teaches everything.
442,"It is not that the word of God has failed, because not everyone who goes to the house of Israel is truly an Israelite."
443,System.out.println (n); then incremented by n = n + 1;
444,Why should the desires of God be blamed? Does God's kingdom count as virtuous?
445,The top of the formula can be held and the index can be moved to the next place where it was brought before.
446,"Then, on the left and on the right, the two chariots were crucified by him."
447,Who killed the child?
448,"""And the Lord said,'Simon, behold, a demon has sought to deceive you.'"""
449,Reduce line spacing to 1.50.
450,"The meaning of the word is to enter into the mind of men, and not into the heart of women."
451,"To open the terminal, press the CTRL, ALT, and T keys simultaneously."
452,We have to do it.
453,Other codes include our switch.c program.
454,The next tool is called Intelligent Scissors or Scissor Selection Tool.
455,The injured and the injured were taken to a nearby hospital for treatment.
456,Bhishma comes to see the Ganges.
457,E267 is the value of the employee ID and 10000 is the employee salary and its value.
458,"Then he saw the clothes he had put on, but he did not enter."
459,You should now log out of the Database administrative user session.
460,It transcends Sanskrit.
461,Tell us about the different types of asanas on the page.
462,"""Postures to be done with the back, such as inversion, sarvangasana, shavasaana, halasana and matsyasana."""
463,"You may be familiar with both HTML and HTML. If not, please contact our website to get related tutorials."
464,"On the next page, open the flowerbasket by typing ""else"" and pressing Enter."
465,They're the bullets.
466,All types of services will provide you with the services you need.
467,Remember that our filename is pointer_demo.cpp.
468,"""I have forgiven and humbled you, so that you may find rest in your own minds, because I have set my days before you, and because of my teaching."""
469,We were on the teacher's dashboard.
470,"Now, in the Price before Tax field, I will give the price as 48,000."
471,Note that servlet is the same as any other Java class.
472,"We use the keyword ""this day"" to invoke another within a constructor."
473,I'll increase the grid line by tabulating the slider. It'll show up soon.
474,My third desire is to impart self-knowledge to me.
475,"""For as I went away, so they will go out among you, calling you to war."""
476,The Inkscape was inaugurated despite the logo being re-instated twice.
477,"""Your son is no longer worthy to be broken, but let me be your hired servant."""
478,Who was Kalidasa?
479,"To do so, type the command into the'terminal'and press Enter. We got the desired result."
480,"Do not let the works of God hurt you in order to eat; for everything is holy, but it is not lawful for anyone who stumbles upon it."
481,I will set up the lampstand in the room.
482,"""The Licchavi king Bhaskaravarma, the conqueror of the Hunas Yashodharama, Srikrishna Deva Raya (the great king of the Vijayanagara Empire), Lalitaditya (a great warrior)..."""
483,Cutters are better than plastic cutters.
484,This is a summary of the Spoken Tutorial project.
485,"To reverse a string, code is written. It is named reverse.awk. To reverse the string, a'recursive function'is used."
486,"He who opposes and opposes every god and every thing that is worshiped, and shows himself to God, and seeth the temple of God which is in God, let him give it to the man of sin with the cup of destruction."
487,Yoga is lost for the following six reasons.
488,These were created using the same commands given in the original file.
489,"""When the Jews, who did not want Mary to stay in the house, saw her quickly getting up and going, they seized her, and she went to the tomb to weep, so they followed her."""
490,"In a little while more people saw him and said, ""You are not one of them."" Peter replied, ""No, I am not."""
491,The one who is angry will cut off the days of those who are angry.
492,It's useful:
493,Relaxes your brain when you're angry or tired.
494,The story of the play should be written in appropriate chronological order.
495,"""Here is a list of some Indian medicinal plants that can be grown in your home, which can be planted in your own home, and which can also make your home positive."""
496,"else if conditional-expression2 is true, then perform action 2."
497,Makran can also be called Crocodile poise in English.
498,Pull the carbon to the left.
499,What did Rama do to make Sugriva believe in his own powers?
500,The child shows respect for you.
501,This is called malnourishment.
502,We also need to define the move () method.
503,"Later, during the exile, the same company and the twelve disciples asked him for an explanation."
504,Young people are playing.
505,Look at the result. The original sequences of the indexes were retrieved.
506,Look for a small corner to the left of it.
507,"Let's take a look. In this tutorial, we will cover the following topics:"
508,Commands can be multiple in a row or in multiple positions. They also differ by the use of white space.
509,Set up a user account.
510,* denotes that its previous color has been seen once or more times.
511,Identify instance variables and static variables.
512,"Then Peter answered and said to him, ""Give us an illustration."""
513,"""It is only Lord Vishnu who acts as the Supreme Personality of Godhead; it is the Omnipotent Lord who consumes the universe, the Absolute Lord, who pervades the three worlds and enjoys the universe."""
514,"""Then the Lord said,'Who is a faithful and discreet servant, that the Lord should send him at the proper time to buy food for his family?'"""
515,Skilled: Skilled in all types of work.
516,The arrow is to drag the category up or down. This is the menu and gets the settings and gear icons. It is denoted by a down arrow.
517,"Then I said, ""I will send you away to a far country."""
518,The sky and atmosphere should not be polluted.
519,"If anyone has an idea about a field, always tap the help icon to find out its priority."
520,This injected oxygen into the air and opened the door to the development of a wide variety of organisms.
521,The asanas are classified as follows.
522,The name of the vowel letters is'Ach '.
523,"""In the state of relaxation, chant the Om Mantra, feel the vibration in the body."""
524,We also learned to add and edit nodes and hide them.
525,The problems of the Pandavas were solved by Krishna.
526,Let me set the value to 1.
527,Krishna places Arjuna's chariot between the armies.
528,It is commonly referred to as isoprene.
529,The young man did not say anything.
530,You laughed.
531,Go to the toolbar and tap Apply.
532,Take a right look at the layer and select Flatten image.
533,Then print the reverse complements using the built-in method Reverse Complement of the Sequence object.
534,"In the same way as in equations, brackets can be written and used contextually."
535,Click Fill in correct responses. This will help you see the correct answers to the questions.
536,"On the other hand, our people must learn to devote themselves to useful work and to doing good, so that they may not become unprofitable."
537,"""But money is stored up in heaven, where insects and scorpions do not perish, and the squirrels do not steal after making a pact."""
538,We have got the minus c option.
539,The child displays affection for it.
540,"The first thing you need to know is that at the end of the day, you have to present a self-righteous critic."
541,"There is no use of the sun or the moon to give light to that city, for it is the Lamb that gives light to the glory of God."
542,This increases your energy. Take your breath out on Saturday and Saturday. Pay more attention to energy when you breathe in.
543,"If we don't assign any image to the logo, the short name is also used as the logo text. We'll keep it the same."
544,He said this while wandering through the surrounding villages.
545,The child shows respect for these things.
546,Then the appointed day and the Sabbath were at hand.
547,Let us now demonstrate the use of static variables with an example.
548,Bandha: The literal meaning of this is Pidhanam. It means planning or meeting.
549,It increases eyesight and concentration by eliminating eye allergies.
550,We have defined a constructor with two parameters.
551,Raktam aids in the growth of the liver and helps in the recovery of heart-related disorders.
552,"So, by typing public void showData (), type the following code into the brackets to print the id, name, branch, and number of enrolled students."
553,Practice: Subscribe to the Basics.
554,Sita also changed into a royal dress.
555,"Now, the fields of the second object are initialized."
556,6. How are the new trees grown?
557,Is a blackboard necessary?
558,Let's go to GreetingServlet dot Java.
559,It is said that the juice of water is kept in the sun.
560,"Next, we need to create a database for FrontAccounting."
561,Notice that we did not initialize the value of x. Awk initializes x to zero for the initial value.
562,"He who calls you is faithful, and he will do it."
563,"So, let me explain it."
564,You know the clothes.
565,I manage the opacity as fast as I can get to the bottom of the picture.
566,"Customers can make other payments like deposits, miscellaneous sales, etc."
567,The index finger should be above the'J '.
568,He's not a soldier.
569,"Forgive us our sins, as we also forgive all sinners. Accept our temptation, but keep the sinful spirit."
570,Let's start with the prefix of the string.
571,You can use these options by checking the checkbox next to the subcategory you want to drag.
572,The spoken tutorial team runs the workshop using these lessons. Those who pass the online exam will also receive a certificate.
573,It is a state of freedom or peace from all thought.
574,There is a program here.
575,The village is visible from this street.
576,Write down four points for cleaning the cowshed.
577,"He then walked away from the spot, putting his hand into their pits."
578,"One of the seeds is white, and one of the roots is white."
579,"To create, delete, convert, and finally delete data"
580,The enthusiasm generated by the good news of peace kept on dedicating Padukkayugala to the post.
581,"Here, std is the namespace where the entire standard C + + library is declared. Now, press Enter."
582,Check out the details HERE.
583,May peace be with you.
584,These are the characters
585,Pushpapatam. The Pushpavatam is seated in the hallway.
586,"Type the file name ""welcome."""
587,"Similarly, students can be assigned to the course."
588,What do you eat?
589,The quality of the sky is words.
590,Click the Add button for the Activity Chooser issue.
591,"Next, tap the Enter payment button in the window where the issue exists."
592,"The table environment is floating, so don't add it here. Add it directly."
593,And the converted temperature is visible.
594,Create a class called Welcome there.
595,'Attachment'consists of two pinches.
596,We have also found out the usefulness of layers.
597,You will receive an'SMS'on your phone.
598,"Similarly, using the functions in the Sequence Input and Output module, we will be prompted to parse the data files."
599,You'll see that the image is the opposite of what it is now. I'll reduce the opacity to 50 percent.
600,Breathe in and come back to your normal position.
601,"Thus, the conclusion is repeated."
602,You'll see another value in your interface.
603,Zoom in and tap the star once.
604,"But at the same time, the nature of industries also has to change."
605,Milk is sucked from the lentils.
606,The main is a special function.
607,"However, the date can be edited."
608,It sends the cheetah the same message to all the cats.
609,"After reading this text, he said:"
610,"In the Password text box, enter the password you want."
611,"Immediately, the recording software makes the film."
612,Isaiah is successful.
613,"To help with the tools used in the text, the text was recorded using the maximum resolution."
614,"Everyone can do this by recording it in 800/600 images and reducing it to 640/480 images. This is how it works on Apple TV, etc."
615,The child displays affection for these.
616,The cave may be shrunk and the end may be cast out.
617,"It also provides some security and privacy options for combating malicious web pages, spyware, viruses, trojans, or other malware."
618,It is well known that it is a health-promoting and immune-boosting drug.
619,The inventory is renewed.
620,All the sounds in the alphabets originated in the shadow of Shiva.
621,Isaiah knows this.
622,The kings did not emulate Dilip's success.
623,"Before starting the FrontAccounting interface, let's start XAMPP services."
624,This statement prints the address of the variable num.
625,You sit down.
626,"""I tell you the truth, anyone who believes in me and does these things will also do great things, because I am going to the Father."""
627,"Also, when a man is in the field, do not hesitate to pick up his garment."
628,The student learned mathematics.
629,The Indian science of vocalization of shlokas or mantras is among the earliest in the world.
630,I've used the Moodle 3.3 and Firefox web browsers. You can use any web browser you want.
631,Trees bring water to the ground from their roots.
632,"This file is saved as ""HIV_geneseq.fasta"" in your home folder. Click Enter."
633,Greetings to you.
634,The mind is restrained and meditates on the Self that is within.
635,You're a coward.
636,"""Knowledge, discernment, learning, music, and the arts can be combined with Goddess Saraswati."""
637,Have I told you that I am being truthful?
638,"Now, let's see how to execute the same program in C + +."
639,Click the GL Account Classes link on the Maintenance panel.
640,"God so gave the world that He gave His second Son, that everyone who believes in Him shall perish and have eternal life."
641,"Text code: Ubuntu 11.10 operating system,"
642,Let me give you the name Account Balance.
643,"Set the location of the external folder to ""Home Folder."""
644,He saw the set garments and the garments of the headgear placed in separate places.
645,"To follow this tutorial, you may need to take up library science."
646,"In that, when Jesus was delivered over to death according to the pattern of God's foreknowledge, you seized him and crucified him with the wicked."
647,Muniya used to chant.
648,Maharishi Chyavana was an Indian Vedic sage.
649,This was the place where they all met.
650,Examine the performance of each step before moving on to the next.
651,Contact your central connector to get books and soundtracks.
652,"In the course, we learned how to create groups and send messages and notes to students."
653,"""Bees, peacocks, flies, and mosquitoes are examples of insects."""
654,The proper'Bijamantra'is also chanted along with the names of the Sun God.
655,This opens the File Browser window.
656,Determine the question by specifying minutes and seconds. Anyone in our group will get an answer.
657,Click on Show Layer Mask.
658,Tratak is the practice of focusing attention on a certain gaze point.
659,It is also used for irrigation in the basin park.
660,You can use the terminal and
661,The FrontAccounting interface is displayed.
662,"However, it should not be used by teachers and students who use it for academics."
663,"In this lesson, we have learnt about different types of function calls."
664,"""Humans have made many different machines over time, but nature's machinery is inexhaustible."""
665,When will you see a foreigner and take your place? when will you look at your nakedness and take up your seat?
666,The first data is in the zero index.
667,Click Edit in the menu bar and then click Preferences.
668,Make sure you've completed this training before you continue.
669,"I tell you the truth, it will come to pass on the day of judgment, from the tenth day of this month, that the people of Sidom and Gomorrah will stand together in battle."
670,"Save the file, press Ctrl S to run the program."
671,"In the village of Bethsaida, inhabited by Peter and Andrew, he had the residence of Philip."
672,Now let's change this to'enumerate '.
673,"When Jesus therefore knew what they were thinking, He said to them, ""What are you disputing with your hearts?"""
674,"""(That is, the scriptures dictate that the younger brother cannot rule over the elder brother) Therefore, you are worthy of the crown, but the successful one is true to the generous nature of Rama's great delight."""
675,Which helps to normalize the speed of breathing and helps to keep the breath in a consistent rhythm.
676,A small amount of water is used.
677,"In this lesson, I will talk about the familiarity of GIMP and its characteristics."
678,"Later, they accepted the donkey as Jesus Christ, threw their bodies on the ground, and then came back to Jesus."
679,Because those who are richly endowed with that ministry receive the highest office and are blessed with faith in Christ Jesus.
680,It goes from the brain to the end of the vertebrae.
681,"Here's a lesson plan for you: In Mathematics, add a new subcategory, 2nd Year Maths. Remove the Miscellaneous category."
682,Take a deep breath. The weight of the body can be placed on the palms. The head can be lifted and placed flat on the ground.
683,Make sure to keep the neck in line with the back.
684,The original is just enough.
685,Go back to the terminal.
686,Let's take the mouse value out of the box and place it there.
687,"However, there are only a few common mistakes that can be avoided."
688,"Type: ""cd space slash user slash bin."""
689,"When Jesus had finished eating, he said to Simon Peter, ""Simon son of Jonah, do you love me more than these?"" He said to him, ""Lord, you know that I love you."""
690,I will go to File and click on Save As and change the file extension from'tif'to'jpg'( JPG).
691,Write down four reasons why cleanliness is important to human beings.
692,ii. Skin: I have to make sure that the skin is clean.
693,Ideas can come from different points of view.
694,"At two o'clock, he came out of the zoo."
695,The child shows faith in the future.
696,I will add a single one and explain it later.
697,His father used to chant Krishna's name.
698,Bend the right leg with the knees and sit on the heels.
699,"""Then look all around you and say to the man,'Spread your word,'and his hand will be healed, just as it was done."""
700,"""But when Jesus had said something to him, his disciples came and begged him, saying,'This woman is coming out after us, let her alone.'"""
701,This is some daily information where you can find useful information.
702,"Here, let's execute a query to delete the book that was returned from the entry checkout table."
703,Folk dances are performed in the main asanas in the hymns and at the main places during the meal;
704,What should we do if we want to unplug a container that contains multiple files and subcategories?
705,She doesn't want a reward.
706,It produces more flowers than that.
707,Marichasana Position: Dandasana
708,"""We still don't eat any of it."""
709,Child: Respect me.
710,Click on the Create a new question button and double-click on the Short answer option.
711,The four atoms are visible in blue.
712,"As you can see, as the earth and physical conditions change, so does the evolution of life."
713,"We beseech thee this day, that we may see thy works, and be able to prove that which is not in thy faith."
714,"Moreover, from the point of view of social values, it is important to provide food."
715,"""I will not drink new wine until I have had enough, and I will never drink fresh wine again."""
716,"Immediately, the download will start. Click the Save File button and click the OK button."
717,"But we speak of the wisdom of God, which is hidden before the seasons, and which is confirmed by God in our riches."
718,It seems to have a message of success.
719,"""Say,'If we forget the days of our fathers, we will have no part in the bloodshed of the prophets.'"""
720,Young people are watching.
721,"Some common applications include Calculator, Text Editor, Terminal, Firefox Web Browser, and Videos, as well as LibreOffice Suite components and the Home folder."
722,Note that a index.jsp file problem appears in the response.jsp file project window.
723,Spoken Tutorial projects run workshops and provide certificates to those who pass the online exam.
724,3. How is urine made? There are several substances in urine.
725,"Here, let me re-enter the value eight for b."
726,The article is a contribution of Priyanka Mahabhaga.
727,Compile as before.
728,"So, from here, these columns can be made to look like fake watercolors or can be used to write frames around the image."
729,Focus on conscious breathing or pranayama.
730,Exercise Repeatedly and forcefully inhale into the body.
731,The children listened to the stories.
732,Some of these are beneficial and some are harmful.
733,"The word in parentheses can be said to mean ""centering."""
734,"After they had been there for a long time, Pisidus began to tell the king about Paul and went away with a prisoner named Paul, bound and bound by the Philistines."
735,"""It is made of ice, steel, ice, aluminum, etc."""
736,The child shows a lot of affection.
737,"After a meal is eaten, when the person goes to his or her side for a meal, it is called a meal check."
738,"In the spirit of Sanskrit knowledge, the deviation of the Gita is only for suffering."
739,Defenders: Defenders of the Trilokas:
740,"The law of the Spirit of life was forgiven me by Christ Jesus, the law of sin and death."
741,Shani: Shani can lift her hips (as much as possible) and lift her toes. The body should stretch as far as it can.
742,"If my proxy does not require authentication, I will delete those details."
743,The devil called for a fierce battle.
744,"""Yes, teacher, I know this is normal,"" replied Gopal."
745,Enter your admin password and click Authenticate.
746,"Now, let me tell you about declaring a string."
747,Now let's change the opacity of the arrows.
748,"Now, let's call the method in the main method."
749,Type: grep space minus i spacewithin double quotes Ankit space saraf after the double quotes space grepdemo.txt
750,"If not, check out our website to learn more about it."
751,"Look for a zip file that is 30Mb in size, select it, and click ""Open."""
752,Stage 4: Chaturangandasana
753,The error indicates that we need to give an implementation to the Animal interface.
754,"""But if anyone causes any stumbling block to any of the little creatures that believe in me, it is better for him to be shaken by the waters of the sea, which are in his throat, than to do so."""
755,"""If Judas were born to us, we would know that Heshron the son of Peras was his son."""
756,"When this is done, a window will open that tells us to fill in the file name."
757,Poets'works are poetry.
758,"Then Paul replied, ""I am only asking for a seat where I may be considered worthy of Caesar's consideration; you know for a fact that I do not want to harm the Jews."""
759,"""Behold, the assembly of the people is there, and they and their rulers are in secret; save yourselves and yourselves, if it is by the Spirit of God that you are anointed."""
760,They were the country.
761,Here are some of the features:
762,We can also change the size of the star and rotate it using another handle.
763,The Course category is set by the admin.
764,"Now type ""$ls space - l space example1,"" and press Enter."
765,Some field code shapes appear. Tap the triangle there and drag it onto the canvas. Remove the stroke by applying saffron.
766,The fingers should be pointing at each other and the head and hands should be touching each other.
767,"Therefore, if anyone cleanses himself of these things, he will be called worthy of the work of the Lord and worthy of every good work and honor."
768,"For the Son of Man is Christ, who was begotten in the Spirit and was raised from the dead."
769,It defines a scope by creating a declarative region.
770,The Benefits of Bacteria
771,"Before the advent of the sewing machine, the bakhi machine was used for sewing clothes."
772,The flocks attract insects with their colour and the stamens produce pollen that feeds on the female's hair in the inflorescences.
773,"""Then Bhupathi swore an oath, saying,'I will give you whatever you ask.'"""
774,"After practice, you can complete a picture of yourself and praise yourself."
775,"Now, let us start today's lesson."
776,We see that the home page of Glassfish Server is visible.
777,Click on the mouse link to get the'hyperlink address'details.
778,"As soon as I got the color list, I knew a better way."
779,Let's set up the CD design layer.
780,"By the blood of the Lamb and by the testimony of himself, they were free and did not love him, but died for their own souls."
781,Run the code. Save and run it.
782,Place your palms near your feet on the ground.
783,"Now, I will click on the scale and get the measured image."
784,"If the release option is not selected, select Default for Calculus."
785,11 They also pressed Raju to the constructor for the price. So it was.
786,"Now, from this field, press the next button."
787,Restart the text later.
788,The girls offer prasad.
789,"""The age must be a positive integer."""
790,"In this case, it may be shown as zero because the usage here is low."
791,"After that, the seven angels who had the seven trumpets began to sound the trumpet."
792,I got a good score.
793,"Now we know how to use the keyword ""this (this)."""
794,I know the books.
795,"Based on this lesson, a series of spoken tutorials are run in the workshop."
796,They gathered me together and gave the letter to the people who were present at St. Antioch.
797,"For more details, see the link below."
798,"Do you not teach yourself by teaching others? Do you, in fact, steal from yourself by preaching the law of immorality?"
799,"The General menu comes with two sliders, Quality and Fog."
800,Please don't ask us specific questions. It doesn't cause confusion and complexity.
801,"And if they do not remain every day, they will plant again, because God has the power to plant them again."
802,Click Save.
803,Then Jason and the women took the fine and abandoned them.
804,It helps to create different quizzes for each academic year or for different groups.
805,"A: Show the serial number, which should be the PID of the existing shell."
806,1. Asana helps in the development of a person.
807,"If this is the case, please refresh after some time."
808,I wrote a Sanskrit song yesterday.
809,Asanas for abdominal strength: Makrasana 1
810,"Here, the file ABC is stored in XYZ."
811,This is because any method you change to Final will allow you to override it.
812,"""The talented are present, and the most beloved are far from the most perfect and the manifestation of the universe."""
813,Now enter the password and click on login.
814,"Now, let's look at the URL."
815,"On the background layer, I will make a copy of the original."
816,"Here, the first step is to create a'Sequence Record Object '."
817,He was blessed by the gods.
818,The ancient Indians knew about the disease of lentils.
819,"""One can dare to give up vows for a good person, but no one gives up life for a righteous person."""
820,"Again, tap the Account Description drop-down box and select the Capital option."
821,"If the errorMsgs list isn't empty, we'll show the errorMSgs at addUser dot jsp."
822,Now click Save.
823,What can we say about what our forefather Abraham learned from sports?
824,Let's see if we just use the default keyword.
825,"For more details, see the link below."
826,"Again, antialiasing is for soft areas."
827,"In this page, the'Tag'number 010 is no longer visible."
828,Right-click the Sample.java file in the Projects window.
829,We also know how to reconcile a bank account.
830,The child believes in the future.
831,Use the keyword const to select a read-only variable.
832,I will record this tutorial using: Ubuntu Linux OS 16.04 and Koha frequency 16.05.
833,"As with the other high priests, his daily sacrifice for his own sins first and then for the sins of the people is of no avail, for it was accomplished by self-sacrifice and singleness."
834,"""On the contrary, if Satan is cast out and separated from his party, how will his kingdom stand?"""
835,Click on the Go to Receive page.
836,"""When he had come to the present place, the man came running and asked,'Lord, what must I do to have eternal life?'"""
837,"If you don't receive any error messages, know that Biopython is installed."
838,"Next, go to the tab 245 Title Status\ 1."
839,"""However, do not let this affliction consume me; do not take your life for granted, as a testimony to the gospel of God's grace, and as a joy to finish your course in the service of the Lord, to whom you have entrusted your service."""
840,"Let us show ourselves to the praiseworthy servants of the Almighty, to those who share the glory and the glory of the Most High."
841,Now Sthanamidam is thick here and it is white and sometimes it is very white. So I will plant it on the bottom.
842,"""When the people saw him move their hands, many recognized him, and came out of the cities, young and old, and sat down with him in Jesus."""
843,"Sometimes, the log file does not show the orbital details."
844,Enter your username in the form Su and press Enter.
845,Check the Correctness field when you finish typing. This shows the correctness of your typo.
846,"Now, let's look at the laptop."
847,Rotate the body from the knees to the bottom of the foot clockwise and counterclockwise i.e. clockwise in the direction of the needles and counter-clockwise.
848,Scroll down and click on Save changes button.
849,"May the meritorious Goddess Maa Saraswati, who bestows mercy and glory, be pleased with us. Come to our side."
850,It strengthens the muscles.
851,But it doesn't look right. So I'll change it.
852,"Now, delete the format specifier."
853,People refer to Goddess Saraswati as Vani.
854,Yajnapati: The Lord of Yajnas.
855,"Click Save. Anyway, we will change the header file to < iostream >."
856,The child displays a friendship between them.
857,The code is written in the awk BEGIN section.
858,"On the course page, the forum name appears as a link to the forum."
859,Let's add another'block '. Click the Add a block menu on the left.
860,"As a result, the unit penalty field shows 0. 1. Let me do that."
861,Sutapa: Beautiful Pooh:
862,"To add a DNA molecule, go to the Build menu, then Insert, and tap DNA / RNA in the submenu."
863,A number of tabs appear in the Preference window.
864,"Settings for the visiting card,"
865,Please see for yourself the purpose of using both of these commands.
866,what music will you be listening to
867,Details about the download:
868,"They may place their hands on the head, but be careful not to touch the head with their hands."
869,"Now let's see everything. In this tutorial, we have covered the following topics."
870,"If not, link any errors to logic or an algorithm."
871,The science is the proof of the working system.
872,"When they reached the water, they knew the water policy. They went a little farther and again covered the water. They saw the fifteen rivers there."
873,"You'll also learn how to type each time you type, such as when you're typing a billboard."
874,"In Moodle, there are various plugins for teachers and'site administrators '."
875,We get the result that we have successfully run a Java program.
876,"If two correct answers are given, then 1 integer is obtained from the square."
877,What is a flower?
878,This dish is used to digest most of the Vr ̣ s ̣ t ̣ raam.
879,The Surface settings dialog box pops up. Drag the slider to correct the opacity.
880,"Then you will pass through our borders, watching and praying for all the people who have come out to meet the man Jesus."
881,In the appropriate words: Fill in the blanks below.
882,Login using your current username Bella and password.
883,Fill the air in your left side and inhale and place your head on top.
884,This URL is based on the port number and domain name provided by sys-ad at installation.
885,It rotated up to 90 degrees.
886,Click on the Home folder.
887,"But haha, you will be happy when you are rich. You will be hungry when you have finished."
888,You can access by right-clicking on the connection node.
889,Nataraja is also one of the names of Lord Shiva.
890,"A view of the elements that constitute ""nourishment"" at meals is found at various times."
891,"""For God did not appoint us to wrath, but to the power of salvation through Jesus Christ our Lord."""
892,"He asked them, ""What are you thinking about when you are young?"""
893,Ignore: one whose karmendriya is not receptive
894,"He appeared to the Most High, and was exceedingly radiant. He created the earth and the body."
895,Arjuna is here.
896,"May the God of peace be with you all. """
897,Now open your Firefox window.
898,He presented the headmaster with a crown of glory for you.
899,"Well. By now, the idea of formatting and guidance is over. We'll come back to the end of the document."
900,"Later, they found him there and appointed guards to guard him."
901,The children will be wearing new clothes.
902,"""This orbit of the Earth is completed in 365 days."
903,"The proposed'course'will appear to the person to whom the course is assigned, i.e., the admin, course creator, teacher, and manager."
904,"Ramlaxmana searched for Sita far and wide, but they were unable to find her."
905,Food provides our body with the energy to grow.
906,The activity of the joints is very important.
907,The nasal passages carry a variety of odor-specific messages to the brain.
908,The soldier leaves.
909,"So, I'll choose a different color from the background color. How is it here?"
910,The Spoken Tutorial team conducts workshops using spoken tutorials.
911,"""The purpose of this exercise is to introduce you to the three different components of breathing (abdomen, thorax, and mantle) and incorporate them into a full yoga pose."""
912,This brought us to the end of this lesson.
913,These options are similar to those in other word processor applications.
914,We have successfully installed the XAMPP server.
915,Increase the pressure in the eyes.
916,The milkman is not interested in the Scriptures because he is breastfeeding a child.
917,"Then they went away, and behold, all the people were there, eating the Passover Feast."
918,Muni leaves his family behind.
919,"letters in the perspective,"
920,Exhale and bring the left leg forward next to the right leg and touch the forehead to the knees by reaching down with your upper body as in Step 2.
921,Let's go to the terminal. Let me clear the prompt.
922,"Here, $1 denotes the first field, that is, the roll number. The value is $6 multiplied by zero point 3 '. The dollar is the value of six stipends."
923,The students watched the play.
924,"To do so, go to the top right corner. Click on the spoken tutorial library. From the drop-down, click on Log out."
925,"""Then I will come back to you and bow down to God in Medea, and I will be filled with sorrow when I see the sins of the former people, who have repented of their unclean ways and have turned away from seeking them."""
926,I'll leave them blank.
927,Subject: Question 8: 3
928,"(hash) Type ""#include,"" space, opening angle bracket, closing angle bracket."
929,"So, I will go to Filters > > Enhance > > Sharpen respectively."
930,Click Stop to pause the auto-optimization action.
931,Varahamihira:
932,The Spoken Tutorial project is part of the Talk to a Teacher project.
933,This instructs you to give the directory write permission.
934,Export the file in'eps'format and view it.
935,I would now like to say more about the paintbrush and the choice of seats to irrigate it.
936,Nākamāya: Many Maya: Holders
937,Jesus Christ is the reason for my praise to God.
938,You are a priest.
939,"In this case, the'Birthday'option comes up."
940,"Then Jesus said to them, ""A prophet is found in no place except in his own country and in the midst of his own household."""
941,"""Then I saw a god named Pandurang, and his name followed him in death and in the Hereafter, who gave him dominion over the earth through famine, pestilence, and the slaughter of wild beasts."""
942,(iv) The brain
943,"We have started well with the cropping of the picture. In the next lesson, I will show you what can be done with the drawing."
944,I'll go to the terminal and empty it.
945,"Now, let us go to the slides and find out the main function topic."
946,"Bhakti affects joy, transcendental bliss, peace, and wisdom. """
947,"Those who properly govern the council, especially those who believe in the Word of God and His commandments, should be considered worthy of the double standard."
948,"Behold, a man is not skilled by works, but by faith."
949,"In spite of all his labors and riches, Paul decided to go to Jerusalem from Macedonia and Persia, and said, ""I must see the city of Rome, as I have done on this journey."""
950,The output is shown in GC Content percentages.
951,It looked like a mirror.
952,"Note that all C files have the. ""c"" (dot C) extension."
953,Sadhgati: whose speed is the best
954,"So, let me change the size of the brush by selecting the Clone tool."
955,"He created all things through Jesus Christ, so that the multitude of the knowledge of God might be revealed through the church to the angels who are in the highest order in heaven."
956,Link Address: This is a small tree. It grows to a height of more than 6 meters. Its leaves are parallel and numbered 10-12.
957,"As a result, we were seeing Hello Space World."
958,"At the prompt, type the date space plus percentage symbol, a small h, and press Enter."
959,"Have mercy on the families of the LORD your God, for he called me again and again."
960,Browse the folder path below.
961,"Ubuntu Linux OS is characterized by having many ""workspaces"" or ""desktops."""
962,"In the new window that opens here, give me your desired'username '. I will give'frontacc'as the'user name '."
963,"A message appears saying, ""Journal entry has been entered."""
964,Pay for the installation image.
965,"This gave us the ability to use the Spirit not only for the purpose of the New Testament, but also for the Spirit. The Spirit is life-giving, but the Spirit is death-giving."
966,The level field's data is now displayed as 2.
967,"It works on Linux, Max OS, and Windows."
968,-- Add the audio @ 02:32 from the tutorial installation of FrontAccounting on Window OS timing 08:10 to 08:30 --
969,The five trees mentioned below are very well known for their divine characteristics and their relationship with God.
970,"Look, if I give you the strength to trample on the serpents and the Scorpions and the mighty men of all might, you will not be harmed."
971,"""Breathe in, breathe out without any pressure. This breath should be filled normally."""
972,"""A man will leave his father and be united to his wife, and the two will become one flesh."""
973,"And Shekariah said to the angel, ""Shall I lay a trap for you? for I am old, and my wife is old."""
974,"So, just mention the changes here."
975,Fill out the fields in this section if you want the student to customize their position.
976,"On the home page, click Cataloging."
977,The'while'loop
978,The result of the ls command acts as an input to the wc command.
979,"To connect the printer to a computer,"
980,"On the other hand, the rest of the people should rely on the wood or the pot or whatever it is that they find; so that they may all receive the land and live on it."
981,"If all conditions are false, the last Else section is executed."
982,Select the MMFF94 Force Field and press the Start button.
983,The Ghost: The Creator of All Life
984,"A folder is a name, a number of religions, or an administrative index, such as the date the file was created and the date it was modified, and so on."
985,"In fire, the sound, the touch, and the juices are threefold."
986,"In'Coordination Compounds ', subjects such as the demonstration of geometry and the composition of nanotubes were explored."
987,This prevents the machine from overheating.
988,The nostrils are located on both sides of the eye.
989,"In'Bcc ', stlibreoffice@gmail.com and info@spoken-tutorial.org are mentioned."
990,"Here, the first field is'roll number'and the sixth field is the student's'stipend '."
991,"Blocks in Admin's Dashboard is a tutorial on how to add and remove blocks, and so on."
992,"""Many ancient Indian texts lay down rules for the safety and health of lentils."""
993,"The Gentiles, among whom you have been brought forth through Jesus Christ, are called the stewards of the world through his name."
994,"""Take a deep breath, exhale out loud."""
995,"""When Peter remembered the promise Jesus had made to me before he was born, he said to him,"" I am sorry. """
996,The patient says thank you to the doctor for the healing.
997,"Then said Nithanel, Can any good thing arise out of the city of Nazareth? And Philip said, See this."
998,"So, let's pull over the toolbox. This is it."
999,"There are only settings for editing, hiding, duplicating, and deleting resources. These details can be found when you create them."
1000,"The body is able to expand a little and the body is completely at rest, while the eyes are not at rest."
